<?xml version="1.0" encoding="utf-8"?>
<OfficeApp xmlns="http://schemas.microsoft.com/office/appforoffice/1.1" xmlns:xsi="http://www.w3.org/2001/XMLSchema-instance" xmlns:bt="http://schemas.microsoft.com/office/officeappbasictypes/1.0" xmlns:o10="http://schemas.microsoft.com/office/mailappversionoverrides" xmlns:o11="http://schemas.microsoft.com/office/mailappversionoverrides/1.1" xsi:type="MailApp">
  <Id>cfca30bd-9846-4819-a6fc-56c89c5aae96</Id>
  <Version>2.0.0.0</Version>
  <ProviderName>Microsoft</ProviderName>
  <DefaultLocale>en-GB</DefaultLocale>
  <DisplayName DefaultValue="Business Central" />
  <Description DefaultValue="Provides customer and vendor information directly within Outlook messages." />
  <IconUrl DefaultValue="https://businesscentral.dynamics.com/9a3b927f-095b-42b5-bf6e-58b99e2f3bbf/Sandbox/Resources/Images/ProjectMadeira/OfficeAddin_64x.png" />
  <HighResolutionIconUrl DefaultValue="https://businesscentral.dynamics.com/9a3b927f-095b-42b5-bf6e-58b99e2f3bbf/Sandbox/Resources/Images/ProjectMadeira/OfficeAddin_80x.png" />
  <AppDomains>
    <AppDomain>https://businesscentral.dynamics.com/9a3b927f-095b-42b5-bf6e-58b99e2f3bbf/Sandbox</AppDomain>
  </AppDomains>
  <Hosts>
    <Host Name="Mailbox" />
  </Hosts>
  <Requirements>
    <Sets>
      <Set Name="MailBox" MinVersion="1.3" />
    </Sets>
  </Requirements>
  <FormSettings>
    <Form xsi:type="ItemRead">
      <DesktopSettings>
        <SourceLocation DefaultValue="https://businesscentral.dynamics.com/9a3b927f-095b-42b5-bf6e-58b99e2f3bbf/Sandbox/OfficeAddin.aspx?OfficeContext=Outlook-ItemRead&amp;Version=2.0.0.0" />
        <RequestedHeight>300</RequestedHeight>
      </DesktopSettings>
      <TabletSettings>
        <SourceLocation DefaultValue="https://businesscentral.dynamics.com/9a3b927f-095b-42b5-bf6e-58b99e2f3bbf/Sandbox/OfficeAddin.aspx?OfficeContext=Outlook-ItemRead&amp;Version=2.0.0.0" />
        <RequestedHeight>400</RequestedHeight>
      </TabletSettings>
      <PhoneSettings>
        <SourceLocation DefaultValue="https://businesscentral.dynamics.com/9a3b927f-095b-42b5-bf6e-58b99e2f3bbf/Sandbox/OfficeAddin.aspx?OfficeContext=Outlook-ItemRead&amp;Version=2.0.0.0&amp;isphone=1" />
      </PhoneSettings>
    </Form>
    <Form xsi:type="ItemEdit">
      <DesktopSettings>
        <SourceLocation DefaultValue="https://businesscentral.dynamics.com/9a3b927f-095b-42b5-bf6e-58b99e2f3bbf/Sandbox/OfficeAddin.aspx?OfficeContext=Outlook-ItemEdit&amp;Version=2.0.0.0" />
      </DesktopSettings>
      <TabletSettings>
        <SourceLocation DefaultValue="https://businesscentral.dynamics.com/9a3b927f-095b-42b5-bf6e-58b99e2f3bbf/Sandbox/OfficeAddin.aspx?OfficeContext=Outlook-ItemEdit&amp;Version=2.0.0.0" />
      </TabletSettings>
      <PhoneSettings>
        <SourceLocation DefaultValue="https://businesscentral.dynamics.com/9a3b927f-095b-42b5-bf6e-58b99e2f3bbf/Sandbox/OfficeAddin.aspx?OfficeContext=Outlook-ItemEdit&amp;Version=2.0.0.0&amp;isphone=1" />
      </PhoneSettings>
    </Form>
  </FormSettings>
  <Permissions>ReadWriteMailbox</Permissions>
  <Rule xsi:type="RuleCollection" Mode="Or">
    <Rule xsi:type="ItemIs" ItemType="Message" FormType="Edit" />
    <Rule xsi:type="ItemIs" ItemType="Message" FormType="Read" />
    <Rule xsi:type="ItemIs" ItemType="Appointment" FormType="Edit" />
    <Rule xsi:type="ItemIs" ItemType="Appointment" FormType="Read" />
  </Rule>
  <VersionOverrides xmlns="http://schemas.microsoft.com/office/mailappversionoverrides" xsi:type="VersionOverridesV1_0">
    <Requirements>
      <bt:Sets DefaultMinVersion="1.3">
        <bt:Set Name="Mailbox" />
      </bt:Sets>
    </Requirements>
    <Hosts>
      <Host xsi:type="MailHost">
        <DesktopFormFactor>
          <!-- Custom pane, only applies to read form -->
          <ExtensionPoint xsi:type="CustomPane">
            <RequestedHeight>300</RequestedHeight>
            <SourceLocation resid="taskPaneUrl" />
            <!-- Change this Mode to Or to enable the custom pane -->
            <Rule xsi:type="RuleCollection" Mode="And">
              <Rule xsi:type="ItemIs" ItemType="Message" />
              <Rule xsi:type="ItemIs" ItemType="AppointmentAttendee" />
            </Rule>
          </ExtensionPoint>
          <!-- Message read form -->
          <ExtensionPoint xsi:type="MessageReadCommandSurface">
            <OfficeTab id="TabDefault">
              <Group id="msgReadGroup">
                <Label resid="groupLabel" />
                <Tooltip resid="groupTooltip" />
                <!-- Task pane button -->
                <Control xsi:type="Button" id="msgReadOpenPaneButton">
                  <Label resid="openPaneButtonLabel" />
                  <Tooltip resid="openPaneButtonTooltip" />
                  <Supertip>
                    <Title resid="openPaneSuperTipTitle" />
                    <Description resid="openPaneSuperTipDesc" />
                  </Supertip>
                  <Icon>
                    <bt:Image size="16" resid="nav-icon-16" />
                    <bt:Image size="32" resid="nav-icon-32" />
                    <bt:Image size="80" resid="nav-icon-80" />
                  </Icon>
                  <Action xsi:type="ShowTaskpane">
                    <SourceLocation resid="taskPaneUrl" />
                  </Action>
                </Control>
                <!-- Menu (dropdown) button -->
                <Control xsi:type="Menu" id="newMenuReadButton">
                  <Label resid="newMenuButtonLabel" />
                  <Tooltip resid="newMenuButtonTooltip" />
                  <Supertip>
                    <Title resid="newMenuSuperTipTitle" />
                    <Description resid="newMenuSuperTipDesc" />
                  </Supertip>
                  <Icon>
                    <bt:Image size="16" resid="new-document-16" />
                    <bt:Image size="32" resid="new-document-32" />
                    <bt:Image size="80" resid="new-document-80" />
                  </Icon>
                  <Items>
                    <Item id="newMenuReadItem1">
                      <Label resid="newSalesQuoteLabel" />
                      <Tooltip resid="newSalesQuoteTip" />
                      <Supertip>
                        <Title resid="newSalesQuoteSuperTipTitle" />
                        <Description resid="newSalesQuoteSuperTipDesc" />
                      </Supertip>
                      <Icon>
                        <bt:Image size="16" resid="quote-16" />
                        <bt:Image size="32" resid="quote-32" />
                        <bt:Image size="80" resid="quote-80" />
                      </Icon>
                      <Action xsi:type="ShowTaskpane">
                        <SourceLocation resid="newSalesQuoteUrl" />
                      </Action>
                    </Item>
                    <Item id="newMenuReadItem2">
                      <Label resid="newSalesInvoiceLabel" />
                      <Tooltip resid="newSalesInvoiceTip" />
                      <Supertip>
                        <Title resid="newSalesInvoiceSuperTipTitle" />
                        <Description resid="newSalesInvoiceSuperTipDesc" />
                      </Supertip>
                      <Icon>
                        <bt:Image size="16" resid="sales-invoice-16" />
                        <bt:Image size="32" resid="sales-invoice-32" />
                        <bt:Image size="80" resid="sales-invoice-80" />
                      </Icon>
                      <Action xsi:type="ShowTaskpane">
                        <SourceLocation resid="newSalesInvoiceUrl" />
                      </Action>
                    </Item>
                    <Item id="newMenuReadItem3">
                      <Label resid="newSalesOrderLabel" />
                      <Tooltip resid="newSalesOrderTip" />
                      <Supertip>
                        <Title resid="newSalesOrderSuperTipTitle" />
                        <Description resid="newSalesOrderSuperTipDesc" />
                      </Supertip>
                      <Icon>
                        <bt:Image size="16" resid="order-16" />
                        <bt:Image size="32" resid="order-32" />
                        <bt:Image size="80" resid="order-80" />
                      </Icon>
                      <Action xsi:type="ShowTaskpane">
                        <SourceLocation resid="newSalesOrderUrl" />
                      </Action>
                    </Item>
                    <Item id="newMenuReadItem4">
                      <Label resid="newSalesCreditMemoLabel" />
                      <Tooltip resid="newSalesCreditMemoTip" />
                      <Supertip>
                        <Title resid="newSalesCreditMemoSuperTipTitle" />
                        <Description resid="newSalesCreditMemoSuperTipDesc" />
                      </Supertip>
                      <Icon>
                        <bt:Image size="16" resid="sales-credit-memo-16" />
                        <bt:Image size="32" resid="sales-credit-memo-32" />
                        <bt:Image size="80" resid="sales-credit-memo-80" />
                      </Icon>
                      <Action xsi:type="ShowTaskpane">
                        <SourceLocation resid="newSalesCreditMemoUrl" />
                      </Action>
                    </Item>
                    <Item id="newMenuReadItem5">
                      <Label resid="newPurchaseInvoiceLabel" />
                      <Tooltip resid="newPurchaseInvoiceTip" />
                      <Supertip>
                        <Title resid="newPurchaseInvoiceSuperTipTitle" />
                        <Description resid="newPurchaseInvoiceSuperTipDesc" />
                      </Supertip>
                      <Icon>
                        <bt:Image size="16" resid="purchase-invoice-16" />
                        <bt:Image size="32" resid="purchase-invoice-32" />
                        <bt:Image size="80" resid="purchase-invoice-80" />
                      </Icon>
                      <Action xsi:type="ShowTaskpane">
                        <SourceLocation resid="newPurchaseInvoiceUrl" />
                      </Action>
                    </Item>
                    <Item id="newMenuReadItem6">
                      <Label resid="newPurchaseCrMemoLabel" />
                      <Tooltip resid="newPurchaseCrMemoTip" />
                      <Supertip>
                        <Title resid="newPurchaseCrMemoSuperTipTitle" />
                        <Description resid="newPurchaseCrMemoSuperTipDesc" />
                      </Supertip>
                      <Icon>
                        <bt:Image size="16" resid="purchase-credit-memo-16" />
                        <bt:Image size="32" resid="purchase-credit-memo-32" />
                        <bt:Image size="80" resid="purchase-credit-memo-80" />
                      </Icon>
                      <Action xsi:type="ShowTaskpane">
                        <SourceLocation resid="newPurchaseCrMemoUrl" />
                      </Action>
                    </Item>
                    <Item id="newMenuReadItem7">
                      <Label resid="newPurchaseOrderLabel" />
                      <Tooltip resid="newPurchaseOrderTip" />
                      <Supertip>
                        <Title resid="newPurchaseOrderSuperTipTitle" />
                        <Description resid="newPurchaseOrderSuperTipDesc" />
                      </Supertip>
                      <Icon>
                        <bt:Image size="16" resid="order-16" />
                        <bt:Image size="32" resid="order-32" />
                        <bt:Image size="80" resid="order-80" />
                      </Icon>
                      <Action xsi:type="ShowTaskpane">
                        <SourceLocation resid="newPurchaseOrderUrl" />
                      </Action>
                    </Item>
                  </Items>
                </Control>
              </Group>
            </OfficeTab>
          </ExtensionPoint>
          <!-- Message compose form -->
          <ExtensionPoint xsi:type="MessageComposeCommandSurface">
            <OfficeTab id="TabDefault">
              <Group id="msgComposeGroup">
                <Label resid="groupLabel" />
                <Tooltip resid="groupTooltip" />
                <!-- Task pane button -->
                <Control xsi:type="Button" id="msgComposeOpenPaneButton">
                  <Label resid="openPaneButtonLabel" />
                  <Tooltip resid="openPaneButtonTooltip" />
                  <Supertip>
                    <Title resid="openPaneSuperTipTitle" />
                    <Description resid="openPaneSuperTipDesc" />
                  </Supertip>
                  <Icon>
                    <bt:Image size="16" resid="nav-icon-16" />
                    <bt:Image size="32" resid="nav-icon-32" />
                    <bt:Image size="80" resid="nav-icon-80" />
                  </Icon>
                  <Action xsi:type="ShowTaskpane">
                    <SourceLocation resid="taskPaneUrl" />
                  </Action>
                </Control>
                <!-- Menu (dropdown) button -->
                <Control xsi:type="Menu" id="newMenuComposeButton">
                  <Label resid="newMenuButtonLabel" />
                  <Tooltip resid="newMenuButtonTooltip" />
                  <Supertip>
                    <Title resid="newMenuSuperTipTitle" />
                    <Description resid="newMenuSuperTipDesc" />
                  </Supertip>
                  <Icon>
                    <bt:Image size="16" resid="new-document-16" />
                    <bt:Image size="32" resid="new-document-32" />
                    <bt:Image size="80" resid="new-document-80" />
                  </Icon>
                  <Items>
                    <Item id="newMenuComposeItem1">
                      <Label resid="newSalesQuoteLabel" />
                      <Tooltip resid="newSalesQuoteTip" />
                      <Supertip>
                        <Title resid="newSalesQuoteSuperTipTitle" />
                        <Description resid="newSalesQuoteSuperTipDesc" />
                      </Supertip>
                      <Icon>
                        <bt:Image size="16" resid="quote-16" />
                        <bt:Image size="32" resid="quote-32" />
                        <bt:Image size="80" resid="quote-80" />
                      </Icon>
                      <Action xsi:type="ShowTaskpane">
                        <SourceLocation resid="newSalesQuoteUrl" />
                      </Action>
                    </Item>
                    <Item id="newMenuComposeItem2">
                      <Label resid="newSalesInvoiceLabel" />
                      <Tooltip resid="newSalesInvoiceTip" />
                      <Supertip>
                        <Title resid="newSalesInvoiceSuperTipTitle" />
                        <Description resid="newSalesInvoiceSuperTipDesc" />
                      </Supertip>
                      <Icon>
                        <bt:Image size="16" resid="sales-invoice-16" />
                        <bt:Image size="32" resid="sales-invoice-32" />
                        <bt:Image size="80" resid="sales-invoice-80" />
                      </Icon>
                      <Action xsi:type="ShowTaskpane">
                        <SourceLocation resid="newSalesInvoiceUrl" />
                      </Action>
                    </Item>
                    <Item id="newMenuComposeItem3">
                      <Label resid="newSalesOrderLabel" />
                      <Tooltip resid="newSalesOrderTip" />
                      <Supertip>
                        <Title resid="newSalesOrderSuperTipTitle" />
                        <Description resid="newSalesOrderSuperTipDesc" />
                      </Supertip>
                      <Icon>
                        <bt:Image size="16" resid="order-16" />
                        <bt:Image size="32" resid="order-32" />
                        <bt:Image size="80" resid="order-80" />
                      </Icon>
                      <Action xsi:type="ShowTaskpane">
                        <SourceLocation resid="newSalesOrderUrl" />
                      </Action>
                    </Item>
                    <Item id="newMenuComposeItem4">
                      <Label resid="newSalesCreditMemoLabel" />
                      <Tooltip resid="newSalesCreditMemoTip" />
                      <Supertip>
                        <Title resid="newSalesCreditMemoSuperTipTitle" />
                        <Description resid="newSalesCreditMemoSuperTipDesc" />
                      </Supertip>
                      <Icon>
                        <bt:Image size="16" resid="sales-credit-memo-16" />
                        <bt:Image size="32" resid="sales-credit-memo-32" />
                        <bt:Image size="80" resid="sales-credit-memo-80" />
                      </Icon>
                      <Action xsi:type="ShowTaskpane">
                        <SourceLocation resid="newSalesCreditMemoUrl" />
                      </Action>
                    </Item>
                    <Item id="newMenuComposeItem5">
                      <Label resid="newPurchaseInvoiceLabel" />
                      <Tooltip resid="newPurchaseInvoiceTip" />
                      <Supertip>
                        <Title resid="newPurchaseInvoiceSuperTipTitle" />
                        <Description resid="newPurchaseInvoiceSuperTipDesc" />
                      </Supertip>
                      <Icon>
                        <bt:Image size="16" resid="purchase-invoice-16" />
                        <bt:Image size="32" resid="purchase-invoice-32" />
                        <bt:Image size="80" resid="purchase-invoice-80" />
                      </Icon>
                      <Action xsi:type="ShowTaskpane">
                        <SourceLocation resid="newPurchaseInvoiceUrl" />
                      </Action>
                    </Item>
                    <Item id="newMenuComposeItem6">
                      <Label resid="newPurchaseCrMemoLabel" />
                      <Tooltip resid="newPurchaseCrMemoTip" />
                      <Supertip>
                        <Title resid="newPurchaseCrMemoSuperTipTitle" />
                        <Description resid="newPurchaseCrMemoSuperTipDesc" />
                      </Supertip>
                      <Icon>
                        <bt:Image size="16" resid="purchase-credit-memo-16" />
                        <bt:Image size="32" resid="purchase-credit-memo-32" />
                        <bt:Image size="80" resid="purchase-credit-memo-80" />
                      </Icon>
                      <Action xsi:type="ShowTaskpane">
                        <SourceLocation resid="newPurchaseCrMemoUrl" />
                      </Action>
                    </Item>
                    <Item id="newMenuComposeItem7">
                      <Label resid="newPurchaseOrderLabel" />
                      <Tooltip resid="newPurchaseOrderTip" />
                      <Supertip>
                        <Title resid="newPurchaseOrderSuperTipTitle" />
                        <Description resid="newPurchaseOrderSuperTipDesc" />
                      </Supertip>
                      <Icon>
                        <bt:Image size="16" resid="order-16" />
                        <bt:Image size="32" resid="order-32" />
                        <bt:Image size="80" resid="order-80" />
                      </Icon>
                      <Action xsi:type="ShowTaskpane">
                        <SourceLocation resid="newPurchaseOrderUrl" />
                      </Action>
                    </Item>
                  </Items>
                </Control>
              </Group>
            </OfficeTab>
          </ExtensionPoint>
          <!-- Appointment organizer form -->
          <ExtensionPoint xsi:type="AppointmentOrganizerCommandSurface">
            <OfficeTab id="TabDefault">
              <Group id="apptOrganizerGroup">
                <Label resid="groupLabel" />
                <Tooltip resid="groupTooltip" />
                <!-- Task pane button -->
                <Control xsi:type="Button" id="apptOrganizerOpenPaneButton">
                  <Label resid="openPaneButtonLabel" />
                  <Tooltip resid="openPaneButtonTooltip" />
                  <Supertip>
                    <Title resid="openPaneSuperTipTitle" />
                    <Description resid="openPaneSuperTipDesc" />
                  </Supertip>
                  <Icon>
                    <bt:Image size="16" resid="nav-icon-16" />
                    <bt:Image size="32" resid="nav-icon-32" />
                    <bt:Image size="80" resid="nav-icon-80" />
                  </Icon>
                  <Action xsi:type="ShowTaskpane">
                    <SourceLocation resid="taskPaneUrl" />
                  </Action>
                </Control>
                <!-- Invoice (dropdown) button -->
                <Control xsi:type="Menu" id="newMenuOrganizerButton">
                  <Label resid="newMenuButtonLabel" />
                  <Tooltip resid="newMenuButtonTooltip" />
                  <Supertip>
                    <Title resid="newMenuSuperTipTitle" />
                    <Description resid="newMenuSuperTipDesc" />
                  </Supertip>
                  <Icon>
                    <bt:Image size="16" resid="new-document-16" />
                    <bt:Image size="32" resid="new-document-32" />
                    <bt:Image size="80" resid="new-document-80" />
                  </Icon>
                  <Items>
                    <Item id="newMenuOrganizerItem1">
                      <Label resid="newSalesQuoteLabel" />
                      <Tooltip resid="newSalesQuoteTip" />
                      <Supertip>
                        <Title resid="newSalesQuoteSuperTipTitle" />
                        <Description resid="newSalesQuoteSuperTipDesc" />
                      </Supertip>
                      <Icon>
                        <bt:Image size="16" resid="quote-16" />
                        <bt:Image size="32" resid="quote-32" />
                        <bt:Image size="80" resid="quote-80" />
                      </Icon>
                      <Action xsi:type="ShowTaskpane">
                        <SourceLocation resid="newSalesQuoteUrl" />
                      </Action>
                    </Item>
                    <Item id="newMenuOrganizerItem2">
                      <Label resid="newSalesInvoiceLabel" />
                      <Tooltip resid="newSalesInvoiceTip" />
                      <Supertip>
                        <Title resid="newSalesInvoiceSuperTipTitle" />
                        <Description resid="newSalesInvoiceSuperTipDesc" />
                      </Supertip>
                      <Icon>
                        <bt:Image size="16" resid="sales-invoice-16" />
                        <bt:Image size="32" resid="sales-invoice-32" />
                        <bt:Image size="80" resid="sales-invoice-80" />
                      </Icon>
                      <Action xsi:type="ShowTaskpane">
                        <SourceLocation resid="newSalesInvoiceUrl" />
                      </Action>
                    </Item>
                    <Item id="newMenuOrganizerItem3">
                      <Label resid="newSalesOrderLabel" />
                      <Tooltip resid="newSalesOrderTip" />
                      <Supertip>
                        <Title resid="newSalesOrderSuperTipTitle" />
                        <Description resid="newSalesOrderSuperTipDesc" />
                      </Supertip>
                      <Icon>
                        <bt:Image size="16" resid="order-16" />
                        <bt:Image size="32" resid="order-32" />
                        <bt:Image size="80" resid="order-80" />
                      </Icon>
                      <Action xsi:type="ShowTaskpane">
                        <SourceLocation resid="newSalesOrderUrl" />
                      </Action>
                    </Item>
                    <Item id="newMenuOrganizerItem4">
                      <Label resid="newSalesCreditMemoLabel" />
                      <Tooltip resid="newSalesCreditMemoTip" />
                      <Supertip>
                        <Title resid="newSalesCreditMemoSuperTipTitle" />
                        <Description resid="newSalesCreditMemoSuperTipDesc" />
                      </Supertip>
                      <Icon>
                        <bt:Image size="16" resid="sales-credit-memo-16" />
                        <bt:Image size="32" resid="sales-credit-memo-32" />
                        <bt:Image size="80" resid="sales-credit-memo-80" />
                      </Icon>
                      <Action xsi:type="ShowTaskpane">
                        <SourceLocation resid="newSalesCreditMemoUrl" />
                      </Action>
                    </Item>
                  </Items>
                </Control>
              </Group>
            </OfficeTab>
          </ExtensionPoint>
          <!-- Appointment attendee form -->
          <ExtensionPoint xsi:type="AppointmentAttendeeCommandSurface">
            <OfficeTab id="TabDefault">
              <Group id="apptAttendeeGroup">
                <Label resid="groupLabel" />
                <Tooltip resid="groupTooltip" />
                <!-- Task pane button -->
                <Control xsi:type="Button" id="apptAttendeeOpenPaneButton">
                  <Label resid="openPaneButtonLabel" />
                  <Tooltip resid="openPaneButtonTooltip" />
                  <Supertip>
                    <Title resid="openPaneSuperTipTitle" />
                    <Description resid="openPaneSuperTipDesc" />
                  </Supertip>
                  <Icon>
                    <bt:Image size="16" resid="nav-icon-16" />
                    <bt:Image size="32" resid="nav-icon-32" />
                    <bt:Image size="80" resid="nav-icon-80" />
                  </Icon>
                  <Action xsi:type="ShowTaskpane">
                    <SourceLocation resid="taskPaneUrl" />
                  </Action>
                </Control>
                <!-- Invoice (dropdown) button -->
                <Control xsi:type="Menu" id="newMenuAttendeeButton">
                  <Label resid="newMenuButtonLabel" />
                  <Tooltip resid="newMenuButtonTooltip" />
                  <Supertip>
                    <Title resid="newMenuSuperTipTitle" />
                    <Description resid="newMenuSuperTipDesc" />
                  </Supertip>
                  <Icon>
                    <bt:Image size="16" resid="new-document-16" />
                    <bt:Image size="32" resid="new-document-32" />
                    <bt:Image size="80" resid="new-document-80" />
                  </Icon>
                  <Items>
                    <Item id="newMenuAttendeeItem1">
                      <Label resid="newSalesQuoteLabel" />
                      <Tooltip resid="newSalesQuoteTip" />
                      <Supertip>
                        <Title resid="newSalesQuoteSuperTipTitle" />
                        <Description resid="newSalesQuoteSuperTipDesc" />
                      </Supertip>
                      <Icon>
                        <bt:Image size="16" resid="quote-16" />
                        <bt:Image size="32" resid="quote-32" />
                        <bt:Image size="80" resid="quote-80" />
                      </Icon>
                      <Action xsi:type="ShowTaskpane">
                        <SourceLocation resid="newSalesQuoteUrl" />
                      </Action>
                    </Item>
                    <Item id="newMenuAttendeeItem2">
                      <Label resid="newSalesInvoiceLabel" />
                      <Tooltip resid="newSalesInvoiceTip" />
                      <Supertip>
                        <Title resid="newSalesInvoiceSuperTipTitle" />
                        <Description resid="newSalesInvoiceSuperTipDesc" />
                      </Supertip>
                      <Icon>
                        <bt:Image size="16" resid="sales-invoice-16" />
                        <bt:Image size="32" resid="sales-invoice-32" />
                        <bt:Image size="80" resid="sales-invoice-80" />
                      </Icon>
                      <Action xsi:type="ShowTaskpane">
                        <SourceLocation resid="newSalesInvoiceUrl" />
                      </Action>
                    </Item>
                    <Item id="newMenuAttendeeItem3">
                      <Label resid="newSalesOrderLabel" />
                      <Tooltip resid="newSalesOrderTip" />
                      <Supertip>
                        <Title resid="newSalesOrderSuperTipTitle" />
                        <Description resid="newSalesOrderSuperTipDesc" />
                      </Supertip>
                      <Icon>
                        <bt:Image size="16" resid="order-16" />
                        <bt:Image size="32" resid="order-32" />
                        <bt:Image size="80" resid="order-80" />
                      </Icon>
                      <Action xsi:type="ShowTaskpane">
                        <SourceLocation resid="newSalesOrderUrl" />
                      </Action>
                    </Item>
                    <Item id="newMenuAttendeeItem4">
                      <Label resid="newSalesCreditMemoLabel" />
                      <Tooltip resid="newSalesCreditMemoTip" />
                      <Supertip>
                        <Title resid="newSalesCreditMemoSuperTipTitle" />
                        <Description resid="newSalesCreditMemoSuperTipDesc" />
                      </Supertip>
                      <Icon>
                        <bt:Image size="16" resid="sales-credit-memo-16" />
                        <bt:Image size="32" resid="sales-credit-memo-32" />
                        <bt:Image size="80" resid="sales-credit-memo-80" />
                      </Icon>
                      <Action xsi:type="ShowTaskpane">
                        <SourceLocation resid="newSalesCreditMemoUrl" />
                      </Action>
                    </Item>
                  </Items>
                </Control>
              </Group>
            </OfficeTab>
          </ExtensionPoint>
        </DesktopFormFactor>
      </Host>
    </Hosts>
    <Resources>
      <bt:Images>
        <!-- NAV icon -->
        <bt:Image id="nav-icon-16" DefaultValue="https://businesscentral.dynamics.com/9a3b927f-095b-42b5-bf6e-58b99e2f3bbf/Sandbox/Resources/Images/ProjectMadeira/OfficeAddin_16x.png" />
        <bt:Image id="nav-icon-32" DefaultValue="https://businesscentral.dynamics.com/9a3b927f-095b-42b5-bf6e-58b99e2f3bbf/Sandbox/Resources/Images/ProjectMadeira/OfficeAddin_32x.png" />
        <bt:Image id="nav-icon-80" DefaultValue="https://businesscentral.dynamics.com/9a3b927f-095b-42b5-bf6e-58b99e2f3bbf/Sandbox/Resources/Images/ProjectMadeira/OfficeAddin_80x.png" />
        <!-- New document icon -->
        <bt:Image id="new-document-16" DefaultValue="https://businesscentral.dynamics.com/9a3b927f-095b-42b5-bf6e-58b99e2f3bbf/Sandbox/Resources/Images/NewDocument_16x16.png" />
        <bt:Image id="new-document-32" DefaultValue="https://businesscentral.dynamics.com/9a3b927f-095b-42b5-bf6e-58b99e2f3bbf/Sandbox/Resources/Images/NewDocument_32x32.png" />
        <bt:Image id="new-document-80" DefaultValue="https://businesscentral.dynamics.com/9a3b927f-095b-42b5-bf6e-58b99e2f3bbf/Sandbox/Resources/Images/NewDocument_80x80.png" />
        <!-- Quote icon -->
        <bt:Image id="quote-16" DefaultValue="https://businesscentral.dynamics.com/9a3b927f-095b-42b5-bf6e-58b99e2f3bbf/Sandbox/Resources/Images/Quote_16x16.png" />
        <bt:Image id="quote-32" DefaultValue="https://businesscentral.dynamics.com/9a3b927f-095b-42b5-bf6e-58b99e2f3bbf/Sandbox/Resources/Images/Quote_32x32.png" />
        <bt:Image id="quote-80" DefaultValue="https://businesscentral.dynamics.com/9a3b927f-095b-42b5-bf6e-58b99e2f3bbf/Sandbox/Resources/Images/Quote_80x80.png" />
        <!-- Order icon -->
        <bt:Image id="order-16" DefaultValue="https://businesscentral.dynamics.com/9a3b927f-095b-42b5-bf6e-58b99e2f3bbf/Sandbox/Resources/Images/Order_16x16.png" />
        <bt:Image id="order-32" DefaultValue="https://businesscentral.dynamics.com/9a3b927f-095b-42b5-bf6e-58b99e2f3bbf/Sandbox/Resources/Images/Order_32x32.png" />
        <bt:Image id="order-80" DefaultValue="https://businesscentral.dynamics.com/9a3b927f-095b-42b5-bf6e-58b99e2f3bbf/Sandbox/Resources/Images/Order_80x80.png" />
        <!-- Sales Invoice icon -->
        <bt:Image id="sales-invoice-16" DefaultValue="https://businesscentral.dynamics.com/9a3b927f-095b-42b5-bf6e-58b99e2f3bbf/Sandbox/Resources/Images/SalesInvoice_16.png" />
        <bt:Image id="sales-invoice-32" DefaultValue="https://businesscentral.dynamics.com/9a3b927f-095b-42b5-bf6e-58b99e2f3bbf/Sandbox/Resources/Images/SalesInvoice_32.png" />
        <bt:Image id="sales-invoice-80" DefaultValue="https://businesscentral.dynamics.com/9a3b927f-095b-42b5-bf6e-58b99e2f3bbf/Sandbox/Resources/Images/SalesInvoice_80.png" />
        <!-- Purchase Invoice icon -->
        <bt:Image id="purchase-invoice-16" DefaultValue="https://businesscentral.dynamics.com/9a3b927f-095b-42b5-bf6e-58b99e2f3bbf/Sandbox/Resources/Images/PurchaseInvoice_16.png" />
        <bt:Image id="purchase-invoice-32" DefaultValue="https://businesscentral.dynamics.com/9a3b927f-095b-42b5-bf6e-58b99e2f3bbf/Sandbox/Resources/Images/PurchaseInvoice_32.png" />
        <bt:Image id="purchase-invoice-80" DefaultValue="https://businesscentral.dynamics.com/9a3b927f-095b-42b5-bf6e-58b99e2f3bbf/Sandbox/Resources/Images/PurchaseInvoice_80.png" />
        <!-- Credit memo icon -->
        <bt:Image id="sales-credit-memo-16" DefaultValue="https://businesscentral.dynamics.com/9a3b927f-095b-42b5-bf6e-58b99e2f3bbf/Sandbox/Resources/Images/SalesCreditMemo_16.png" />
        <bt:Image id="sales-credit-memo-32" DefaultValue="https://businesscentral.dynamics.com/9a3b927f-095b-42b5-bf6e-58b99e2f3bbf/Sandbox/Resources/Images/SalesCreditMemo_32.png" />
        <bt:Image id="sales-credit-memo-80" DefaultValue="https://businesscentral.dynamics.com/9a3b927f-095b-42b5-bf6e-58b99e2f3bbf/Sandbox/Resources/Images/SalesCreditMemo_80.png" />
        <!-- Credit memo icon -->
        <bt:Image id="purchase-credit-memo-16" DefaultValue="https://businesscentral.dynamics.com/9a3b927f-095b-42b5-bf6e-58b99e2f3bbf/Sandbox/Resources/Images/PurchaseCreditMemo_16.png" />
        <bt:Image id="purchase-credit-memo-32" DefaultValue="https://businesscentral.dynamics.com/9a3b927f-095b-42b5-bf6e-58b99e2f3bbf/Sandbox/Resources/Images/PurchaseCreditMemo_32.png" />
        <bt:Image id="purchase-credit-memo-80" DefaultValue="https://businesscentral.dynamics.com/9a3b927f-095b-42b5-bf6e-58b99e2f3bbf/Sandbox/Resources/Images/PurchaseCreditMemo_80.png" />
      </bt:Images>
      <bt:Urls>
        <bt:Url id="taskPaneUrl" DefaultValue="https://businesscentral.dynamics.com/9a3b927f-095b-42b5-bf6e-58b99e2f3bbf/Sandbox/OfficeAddin.aspx?OfficeContext=Outlook-TaskPane&amp;Version=2.0.0.0" />
        <bt:Url id="newSalesQuoteUrl" DefaultValue="https://businesscentral.dynamics.com/9a3b927f-095b-42b5-bf6e-58b99e2f3bbf/Sandbox/OfficeAddin.aspx?OfficeContext=Outlook-TaskPane&amp;Command=New-SalesQuote&amp;Version=2.0.0.0" />
        <bt:Url id="newSalesOrderUrl" DefaultValue="https://businesscentral.dynamics.com/9a3b927f-095b-42b5-bf6e-58b99e2f3bbf/Sandbox/OfficeAddin.aspx?OfficeContext=Outlook-TaskPane&amp;Command=New-SalesOrder&amp;Version=2.0.0.0" />
        <bt:Url id="newSalesInvoiceUrl" DefaultValue="https://businesscentral.dynamics.com/9a3b927f-095b-42b5-bf6e-58b99e2f3bbf/Sandbox/OfficeAddin.aspx?OfficeContext=Outlook-TaskPane&amp;Command=New-SalesInvoice&amp;Version=2.0.0.0" />
        <bt:Url id="newSalesCreditMemoUrl" DefaultValue="https://businesscentral.dynamics.com/9a3b927f-095b-42b5-bf6e-58b99e2f3bbf/Sandbox/OfficeAddin.aspx?OfficeContext=Outlook-TaskPane&amp;Command=New-SalesCreditMemo&amp;Version=2.0.0.0" />
        <bt:Url id="newPurchaseInvoiceUrl" DefaultValue="https://businesscentral.dynamics.com/9a3b927f-095b-42b5-bf6e-58b99e2f3bbf/Sandbox/OfficeAddin.aspx?OfficeContext=Outlook-TaskPane&amp;Command=New-PurchaseInvoice&amp;Version=2.0.0.0" />
        <bt:Url id="newPurchaseCrMemoUrl" DefaultValue="https://businesscentral.dynamics.com/9a3b927f-095b-42b5-bf6e-58b99e2f3bbf/Sandbox/OfficeAddin.aspx?OfficeContext=Outlook-TaskPane&amp;Command=New-PurchaseCreditMemo&amp;Version=2.0.0.0" />
        <bt:Url id="newPurchaseOrderUrl" DefaultValue="https://businesscentral.dynamics.com/9a3b927f-095b-42b5-bf6e-58b99e2f3bbf/Sandbox/OfficeAddin.aspx?OfficeContext=Outlook-TaskPane&amp;Command=New-PurchaseOrder&amp;Version=2.0.0.0" />
      </bt:Urls>
      <bt:ShortStrings>
        <!-- Both modes -->
        <bt:String id="groupLabel" DefaultValue="Business Central" />
        <bt:String id="openPaneButtonLabel" DefaultValue="Contact Insights" />
        <bt:String id="openPaneSuperTipTitle" DefaultValue="Open Business Central in Outlook" />
        <bt:String id="newMenuButtonLabel" DefaultValue="New" />
        <bt:String id="newMenuSuperTipTitle" DefaultValue="Create a new document in Business Central" />
        <bt:String id="newSalesQuoteLabel" DefaultValue="Sales Quote" />
        <bt:String id="newSalesQuoteSuperTipTitle" DefaultValue="Create new sales quote" />
        <bt:String id="newSalesOrderLabel" DefaultValue="Sales Order" />
        <bt:String id="newSalesOrderSuperTipTitle" DefaultValue="Create new sales order" />
        <bt:String id="newSalesInvoiceLabel" DefaultValue="Sales Invoice" />
        <bt:String id="newSalesInvoiceSuperTipTitle" DefaultValue="Create new sales invoice" />
        <bt:String id="newSalesCreditMemoLabel" DefaultValue="Sales Credit Memo" />
        <bt:String id="newSalesCreditMemoSuperTipTitle" DefaultValue="Create new sales credit memo" />
        <bt:String id="newPurchaseInvoiceLabel" DefaultValue="Purchase Invoice" />
        <bt:String id="newPurchaseInvoiceSuperTipTitle" DefaultValue="Create new purchase invoice" />
        <bt:String id="newPurchaseCrMemoLabel" DefaultValue="Purchase Credit Memo" />
        <bt:String id="newPurchaseCrMemoSuperTipTitle" DefaultValue="Create new purchase credit memo" />
        <bt:String id="newPurchaseOrderLabel" DefaultValue="Purchase Order" />
        <bt:String id="newPurchaseOrderSuperTipTitle" DefaultValue="Create new purchase order" />
      </bt:ShortStrings>
      <bt:LongStrings>
        <bt:String id="groupTooltip" DefaultValue="Dynamics 365 Business Central" />
        <bt:String id="openPaneButtonTooltip" DefaultValue="Opens a more detailed view of the contact in Dynamics 365 Business Central." />
        <bt:String id="openPaneSuperTipDesc" DefaultValue="Opens a more detailed view of the customer or vendor in Dynamics 365 Business Central." />
        <bt:String id="newMenuButtonTooltip" DefaultValue="Creates a new document in Dynamics 365 Business Central." />
        <bt:String id="newMenuSuperTipDesc" DefaultValue="Creates a new document for the selected customer or vendor in Dynamics 365 Business Central." />
        <bt:String id="newSalesQuoteTip" DefaultValue="Creates a new sales quote in Business Central." />
        <bt:String id="newSalesQuoteSuperTipDesc" DefaultValue="Creates a new sales quote for this contact in Business Central." />
        <bt:String id="newSalesOrderTip" DefaultValue="Creates a new sales order in Business Central." />
        <bt:String id="newSalesOrderSuperTipDesc" DefaultValue="Creates a new sales order for this contact in Business Central." />
        <bt:String id="newSalesInvoiceTip" DefaultValue="Creates a new sales invoice in Business Central." />
        <bt:String id="newSalesInvoiceSuperTipDesc" DefaultValue="Creates a new sales invoice for this contact in Business Central." />
        <bt:String id="newSalesCreditMemoTip" DefaultValue="Creates a new sales credit memo in Business Central." />
        <bt:String id="newSalesCreditMemoSuperTipDesc" DefaultValue="Creates a new sales credit memo for this contact in Business Central." />
        <bt:String id="newPurchaseInvoiceTip" DefaultValue="Creates a new purchase invoice in Business Central." />
        <bt:String id="newPurchaseInvoiceSuperTipDesc" DefaultValue="Creates a new purchase invoice for this contact in Business Central." />
        <bt:String id="newPurchaseCrMemoTip" DefaultValue="Creates a new purchase credit memo in Business Central." />
        <bt:String id="newPurchaseCrMemoSuperTipDesc" DefaultValue="Creates a new purchase credit memo for this contact in Business Central." />
        <bt:String id="newPurchaseOrderTip" DefaultValue="Creates a new purchase order in Business Central." />
        <bt:String id="newPurchaseOrderSuperTipDesc" DefaultValue="Creates a new purchase order for this contact in Business Central." />
      </bt:LongStrings>
    </Resources>
    <VersionOverrides xmlns="http://schemas.microsoft.com/office/mailappversionoverrides/1.1" xsi:type="VersionOverridesV1_1">
      <Requirements>
        <bt:Sets DefaultMinVersion="1.5">
          <bt:Set Name="Mailbox" />
        </bt:Sets>
      </Requirements>
      <Hosts>
        <Host xsi:type="MailHost">
          <DesktopFormFactor>
            <!-- Custom pane, only applies to read form -->
            <ExtensionPoint xsi:type="CustomPane">
              <RequestedHeight>300</RequestedHeight>
              <SourceLocation resid="taskPaneUrl" />
              <!-- Change this Mode to Or to enable the custom pane -->
              <Rule xsi:type="RuleCollection" Mode="And">
                <Rule xsi:type="ItemIs" ItemType="Message" />
                <Rule xsi:type="ItemIs" ItemType="AppointmentAttendee" />
              </Rule>
            </ExtensionPoint>
            <!-- Message read form -->
            <ExtensionPoint xsi:type="MessageReadCommandSurface">
              <OfficeTab id="TabDefault">
                <Group id="msgReadGroup">
                  <Label resid="groupLabel" />
                  <Tooltip resid="groupTooltip" />
                  <!-- Task pane button -->
                  <Control xsi:type="Button" id="msgReadOpenPaneButton">
                    <Label resid="openPaneButtonLabel" />
                    <Tooltip resid="openPaneButtonTooltip" />
                    <Supertip>
                      <Title resid="openPaneSuperTipTitle" />
                      <Description resid="openPaneSuperTipDesc" />
                    </Supertip>
                    <Icon>
                      <bt:Image size="16" resid="nav-icon-16" />
                      <bt:Image size="32" resid="nav-icon-32" />
                      <bt:Image size="80" resid="nav-icon-80" />
                    </Icon>
                    <Action xsi:type="ShowTaskpane">
                      <SourceLocation resid="taskPaneUrl" />
                      <SupportsPinning>true</SupportsPinning>
                    </Action>
                  </Control>
                  <!-- Menu (dropdown) button -->
                  <Control xsi:type="Menu" id="newMenuReadButton">
                    <Label resid="newMenuButtonLabel" />
                    <Tooltip resid="newMenuButtonTooltip" />
                    <Supertip>
                      <Title resid="newMenuSuperTipTitle" />
                      <Description resid="newMenuSuperTipDesc" />
                    </Supertip>
                    <Icon>
                      <bt:Image size="16" resid="new-document-16" />
                      <bt:Image size="32" resid="new-document-32" />
                      <bt:Image size="80" resid="new-document-80" />
                    </Icon>
                    <Items>
                      <Item id="newMenuReadItem1">
                        <Label resid="newSalesQuoteLabel" />
                        <Tooltip resid="newSalesQuoteTip" />
                        <Supertip>
                          <Title resid="newSalesQuoteSuperTipTitle" />
                          <Description resid="newSalesQuoteSuperTipDesc" />
                        </Supertip>
                        <Icon>
                          <bt:Image size="16" resid="quote-16" />
                          <bt:Image size="32" resid="quote-32" />
                          <bt:Image size="80" resid="quote-80" />
                        </Icon>
                        <Action xsi:type="ShowTaskpane">
                          <SourceLocation resid="newSalesQuoteUrl" />
                        </Action>
                      </Item>
                      <Item id="newMenuReadItem2">
                        <Label resid="newSalesInvoiceLabel" />
                        <Tooltip resid="newSalesInvoiceTip" />
                        <Supertip>
                          <Title resid="newSalesInvoiceSuperTipTitle" />
                          <Description resid="newSalesInvoiceSuperTipDesc" />
                        </Supertip>
                        <Icon>
                          <bt:Image size="16" resid="sales-invoice-16" />
                          <bt:Image size="32" resid="sales-invoice-32" />
                          <bt:Image size="80" resid="sales-invoice-80" />
                        </Icon>
                        <Action xsi:type="ShowTaskpane">
                          <SourceLocation resid="newSalesInvoiceUrl" />
                        </Action>
                      </Item>
                      <Item id="newMenuReadItem3">
                        <Label resid="newSalesOrderLabel" />
                        <Tooltip resid="newSalesOrderTip" />
                        <Supertip>
                          <Title resid="newSalesOrderSuperTipTitle" />
                          <Description resid="newSalesOrderSuperTipDesc" />
                        </Supertip>
                        <Icon>
                          <bt:Image size="16" resid="order-16" />
                          <bt:Image size="32" resid="order-32" />
                          <bt:Image size="80" resid="order-80" />
                        </Icon>
                        <Action xsi:type="ShowTaskpane">
                          <SourceLocation resid="newSalesOrderUrl" />
                        </Action>
                      </Item>
                      <Item id="newMenuReadItem4">
                        <Label resid="newSalesCreditMemoLabel" />
                        <Tooltip resid="newSalesCreditMemoTip" />
                        <Supertip>
                          <Title resid="newSalesCreditMemoSuperTipTitle" />
                          <Description resid="newSalesCreditMemoSuperTipDesc" />
                        </Supertip>
                        <Icon>
                          <bt:Image size="16" resid="sales-credit-memo-16" />
                          <bt:Image size="32" resid="sales-credit-memo-32" />
                          <bt:Image size="80" resid="sales-credit-memo-80" />
                        </Icon>
                        <Action xsi:type="ShowTaskpane">
                          <SourceLocation resid="newSalesCreditMemoUrl" />
                        </Action>
                      </Item>
                      <Item id="newMenuReadItem5">
                        <Label resid="newPurchaseInvoiceLabel" />
                        <Tooltip resid="newPurchaseInvoiceTip" />
                        <Supertip>
                          <Title resid="newPurchaseInvoiceSuperTipTitle" />
                          <Description resid="newPurchaseInvoiceSuperTipDesc" />
                        </Supertip>
                        <Icon>
                          <bt:Image size="16" resid="purchase-invoice-16" />
                          <bt:Image size="32" resid="purchase-invoice-32" />
                          <bt:Image size="80" resid="purchase-invoice-80" />
                        </Icon>
                        <Action xsi:type="ShowTaskpane">
                          <SourceLocation resid="newPurchaseInvoiceUrl" />
                        </Action>
                      </Item>
                      <Item id="newMenuReadItem6">
                        <Label resid="newPurchaseCrMemoLabel" />
                        <Tooltip resid="newPurchaseCrMemoTip" />
                        <Supertip>
                          <Title resid="newPurchaseCrMemoSuperTipTitle" />
                          <Description resid="newPurchaseCrMemoSuperTipDesc" />
                        </Supertip>
                        <Icon>
                          <bt:Image size="16" resid="purchase-credit-memo-16" />
                          <bt:Image size="32" resid="purchase-credit-memo-32" />
                          <bt:Image size="80" resid="purchase-credit-memo-80" />
                        </Icon>
                        <Action xsi:type="ShowTaskpane">
                          <SourceLocation resid="newPurchaseCrMemoUrl" />
                        </Action>
                      </Item>
                      <Item id="newMenuReadItem7">
                        <Label resid="newPurchaseOrderLabel" />
                        <Tooltip resid="newPurchaseOrderTip" />
                        <Supertip>
                          <Title resid="newPurchaseOrderSuperTipTitle" />
                          <Description resid="newPurchaseOrderSuperTipDesc" />
                        </Supertip>
                        <Icon>
                          <bt:Image size="16" resid="order-16" />
                          <bt:Image size="32" resid="order-32" />
                          <bt:Image size="80" resid="order-80" />
                        </Icon>
                        <Action xsi:type="ShowTaskpane">
                          <SourceLocation resid="newPurchaseOrderUrl" />
                        </Action>
                      </Item>
                    </Items>
                  </Control>
                </Group>
              </OfficeTab>
            </ExtensionPoint>
            <!-- Message compose form -->
            <ExtensionPoint xsi:type="MessageComposeCommandSurface">
              <OfficeTab id="TabDefault">
                <Group id="msgComposeGroup">
                  <Label resid="groupLabel" />
                  <Tooltip resid="groupTooltip" />
                  <!-- Task pane button -->
                  <Control xsi:type="Button" id="msgComposeOpenPaneButton">
                    <Label resid="openPaneButtonLabel" />
                    <Tooltip resid="openPaneButtonTooltip" />
                    <Supertip>
                      <Title resid="openPaneSuperTipTitle" />
                      <Description resid="openPaneSuperTipDesc" />
                    </Supertip>
                    <Icon>
                      <bt:Image size="16" resid="nav-icon-16" />
                      <bt:Image size="32" resid="nav-icon-32" />
                      <bt:Image size="80" resid="nav-icon-80" />
                    </Icon>
                    <Action xsi:type="ShowTaskpane">
                      <SourceLocation resid="taskPaneUrl" />
                    </Action>
                  </Control>
                  <!-- Menu (dropdown) button -->
                  <Control xsi:type="Menu" id="newMenuComposeButton">
                    <Label resid="newMenuButtonLabel" />
                    <Tooltip resid="newMenuButtonTooltip" />
                    <Supertip>
                      <Title resid="newMenuSuperTipTitle" />
                      <Description resid="newMenuSuperTipDesc" />
                    </Supertip>
                    <Icon>
                      <bt:Image size="16" resid="new-document-16" />
                      <bt:Image size="32" resid="new-document-32" />
                      <bt:Image size="80" resid="new-document-80" />
                    </Icon>
                    <Items>
                      <Item id="newMenuComposeItem1">
                        <Label resid="newSalesQuoteLabel" />
                        <Tooltip resid="newSalesQuoteTip" />
                        <Supertip>
                          <Title resid="newSalesQuoteSuperTipTitle" />
                          <Description resid="newSalesQuoteSuperTipDesc" />
                        </Supertip>
                        <Icon>
                          <bt:Image size="16" resid="quote-16" />
                          <bt:Image size="32" resid="quote-32" />
                          <bt:Image size="80" resid="quote-80" />
                        </Icon>
                        <Action xsi:type="ShowTaskpane">
                          <SourceLocation resid="newSalesQuoteUrl" />
                        </Action>
                      </Item>
                      <Item id="newMenuComposeItem2">
                        <Label resid="newSalesInvoiceLabel" />
                        <Tooltip resid="newSalesInvoiceTip" />
                        <Supertip>
                          <Title resid="newSalesInvoiceSuperTipTitle" />
                          <Description resid="newSalesInvoiceSuperTipDesc" />
                        </Supertip>
                        <Icon>
                          <bt:Image size="16" resid="sales-invoice-16" />
                          <bt:Image size="32" resid="sales-invoice-32" />
                          <bt:Image size="80" resid="sales-invoice-80" />
                        </Icon>
                        <Action xsi:type="ShowTaskpane">
                          <SourceLocation resid="newSalesInvoiceUrl" />
                        </Action>
                      </Item>
                      <Item id="newMenuComposeItem3">
                        <Label resid="newSalesOrderLabel" />
                        <Tooltip resid="newSalesOrderTip" />
                        <Supertip>
                          <Title resid="newSalesOrderSuperTipTitle" />
                          <Description resid="newSalesOrderSuperTipDesc" />
                        </Supertip>
                        <Icon>
                          <bt:Image size="16" resid="order-16" />
                          <bt:Image size="32" resid="order-32" />
                          <bt:Image size="80" resid="order-80" />
                        </Icon>
                        <Action xsi:type="ShowTaskpane">
                          <SourceLocation resid="newSalesOrderUrl" />
                        </Action>
                      </Item>
                      <Item id="newMenuComposeItem4">
                        <Label resid="newSalesCreditMemoLabel" />
                        <Tooltip resid="newSalesCreditMemoTip" />
                        <Supertip>
                          <Title resid="newSalesCreditMemoSuperTipTitle" />
                          <Description resid="newSalesCreditMemoSuperTipDesc" />
                        </Supertip>
                        <Icon>
                          <bt:Image size="16" resid="sales-credit-memo-16" />
                          <bt:Image size="32" resid="sales-credit-memo-32" />
                          <bt:Image size="80" resid="sales-credit-memo-80" />
                        </Icon>
                        <Action xsi:type="ShowTaskpane">
                          <SourceLocation resid="newSalesCreditMemoUrl" />
                        </Action>
                      </Item>
                      <Item id="newMenuComposeItem5">
                        <Label resid="newPurchaseInvoiceLabel" />
                        <Tooltip resid="newPurchaseInvoiceTip" />
                        <Supertip>
                          <Title resid="newPurchaseInvoiceSuperTipTitle" />
                          <Description resid="newPurchaseInvoiceSuperTipDesc" />
                        </Supertip>
                        <Icon>
                          <bt:Image size="16" resid="purchase-invoice-16" />
                          <bt:Image size="32" resid="purchase-invoice-32" />
                          <bt:Image size="80" resid="purchase-invoice-80" />
                        </Icon>
                        <Action xsi:type="ShowTaskpane">
                          <SourceLocation resid="newPurchaseInvoiceUrl" />
                        </Action>
                      </Item>
                      <Item id="newMenuComposeItem6">
                        <Label resid="newPurchaseCrMemoLabel" />
                        <Tooltip resid="newPurchaseCrMemoTip" />
                        <Supertip>
                          <Title resid="newPurchaseCrMemoSuperTipTitle" />
                          <Description resid="newPurchaseCrMemoSuperTipDesc" />
                        </Supertip>
                        <Icon>
                          <bt:Image size="16" resid="purchase-credit-memo-16" />
                          <bt:Image size="32" resid="purchase-credit-memo-32" />
                          <bt:Image size="80" resid="purchase-credit-memo-80" />
                        </Icon>
                        <Action xsi:type="ShowTaskpane">
                          <SourceLocation resid="newPurchaseCrMemoUrl" />
                        </Action>
                      </Item>
                      <Item id="newMenuComposeItem7">
                        <Label resid="newPurchaseOrderLabel" />
                        <Tooltip resid="newPurchaseOrderTip" />
                        <Supertip>
                          <Title resid="newPurchaseOrderSuperTipTitle" />
                          <Description resid="newPurchaseOrderSuperTipDesc" />
                        </Supertip>
                        <Icon>
                          <bt:Image size="16" resid="order-16" />
                          <bt:Image size="32" resid="order-32" />
                          <bt:Image size="80" resid="order-80" />
                        </Icon>
                        <Action xsi:type="ShowTaskpane">
                          <SourceLocation resid="newPurchaseOrderUrl" />
                        </Action>
                      </Item>
                    </Items>
                  </Control>
                </Group>
              </OfficeTab>
            </ExtensionPoint>
            <!-- Appointment organizer form -->
            <ExtensionPoint xsi:type="AppointmentOrganizerCommandSurface">
              <OfficeTab id="TabDefault">
                <Group id="apptOrganizerGroup">
                  <Label resid="groupLabel" />
                  <Tooltip resid="groupTooltip" />
                  <!-- Task pane button -->
                  <Control xsi:type="Button" id="apptOrganizerOpenPaneButton">
                    <Label resid="openPaneButtonLabel" />
                    <Tooltip resid="openPaneButtonTooltip" />
                    <Supertip>
                      <Title resid="openPaneSuperTipTitle" />
                      <Description resid="openPaneSuperTipDesc" />
                    </Supertip>
                    <Icon>
                      <bt:Image size="16" resid="nav-icon-16" />
                      <bt:Image size="32" resid="nav-icon-32" />
                      <bt:Image size="80" resid="nav-icon-80" />
                    </Icon>
                    <Action xsi:type="ShowTaskpane">
                      <SourceLocation resid="taskPaneUrl" />
                    </Action>
                  </Control>
                  <!-- Invoice (dropdown) button -->
                  <Control xsi:type="Menu" id="newMenuOrganizerButton">
                    <Label resid="newMenuButtonLabel" />
                    <Tooltip resid="newMenuButtonTooltip" />
                    <Supertip>
                      <Title resid="newMenuSuperTipTitle" />
                      <Description resid="newMenuSuperTipDesc" />
                    </Supertip>
                    <Icon>
                      <bt:Image size="16" resid="new-document-16" />
                      <bt:Image size="32" resid="new-document-32" />
                      <bt:Image size="80" resid="new-document-80" />
                    </Icon>
                    <Items>
                      <Item id="newMenuOrganizerItem1">
                        <Label resid="newSalesQuoteLabel" />
                        <Tooltip resid="newSalesQuoteTip" />
                        <Supertip>
                          <Title resid="newSalesQuoteSuperTipTitle" />
                          <Description resid="newSalesQuoteSuperTipDesc" />
                        </Supertip>
                        <Icon>
                          <bt:Image size="16" resid="quote-16" />
                          <bt:Image size="32" resid="quote-32" />
                          <bt:Image size="80" resid="quote-80" />
                        </Icon>
                        <Action xsi:type="ShowTaskpane">
                          <SourceLocation resid="newSalesQuoteUrl" />
                        </Action>
                      </Item>
                      <Item id="newMenuOrganizerItem2">
                        <Label resid="newSalesInvoiceLabel" />
                        <Tooltip resid="newSalesInvoiceTip" />
                        <Supertip>
                          <Title resid="newSalesInvoiceSuperTipTitle" />
                          <Description resid="newSalesInvoiceSuperTipDesc" />
                        </Supertip>
                        <Icon>
                          <bt:Image size="16" resid="sales-invoice-16" />
                          <bt:Image size="32" resid="sales-invoice-32" />
                          <bt:Image size="80" resid="sales-invoice-80" />
                        </Icon>
                        <Action xsi:type="ShowTaskpane">
                          <SourceLocation resid="newSalesInvoiceUrl" />
                        </Action>
                      </Item>
                      <Item id="newMenuOrganizerItem3">
                        <Label resid="newSalesOrderLabel" />
                        <Tooltip resid="newSalesOrderTip" />
                        <Supertip>
                          <Title resid="newSalesOrderSuperTipTitle" />
                          <Description resid="newSalesOrderSuperTipDesc" />
                        </Supertip>
                        <Icon>
                          <bt:Image size="16" resid="order-16" />
                          <bt:Image size="32" resid="order-32" />
                          <bt:Image size="80" resid="order-80" />
                        </Icon>
                        <Action xsi:type="ShowTaskpane">
                          <SourceLocation resid="newSalesOrderUrl" />
                        </Action>
                      </Item>
                      <Item id="newMenuOrganizerItem4">
                        <Label resid="newSalesCreditMemoLabel" />
                        <Tooltip resid="newSalesCreditMemoTip" />
                        <Supertip>
                          <Title resid="newSalesCreditMemoSuperTipTitle" />
                          <Description resid="newSalesCreditMemoSuperTipDesc" />
                        </Supertip>
                        <Icon>
                          <bt:Image size="16" resid="sales-credit-memo-16" />
                          <bt:Image size="32" resid="sales-credit-memo-32" />
                          <bt:Image size="80" resid="sales-credit-memo-80" />
                        </Icon>
                        <Action xsi:type="ShowTaskpane">
                          <SourceLocation resid="newSalesCreditMemoUrl" />
                        </Action>
                      </Item>
                    </Items>
                  </Control>
                </Group>
              </OfficeTab>
            </ExtensionPoint>
            <!-- Appointment attendee form -->
            <ExtensionPoint xsi:type="AppointmentAttendeeCommandSurface">
              <OfficeTab id="TabDefault">
                <Group id="apptAttendeeGroup">
                  <Label resid="groupLabel" />
                  <Tooltip resid="groupTooltip" />
                  <!-- Task pane button -->
                  <Control xsi:type="Button" id="apptAttendeeOpenPaneButton">
                    <Label resid="openPaneButtonLabel" />
                    <Tooltip resid="openPaneButtonTooltip" />
                    <Supertip>
                      <Title resid="openPaneSuperTipTitle" />
                      <Description resid="openPaneSuperTipDesc" />
                    </Supertip>
                    <Icon>
                      <bt:Image size="16" resid="nav-icon-16" />
                      <bt:Image size="32" resid="nav-icon-32" />
                      <bt:Image size="80" resid="nav-icon-80" />
                    </Icon>
                    <Action xsi:type="ShowTaskpane">
                      <SourceLocation resid="taskPaneUrl" />
                    </Action>
                  </Control>
                  <!-- Invoice (dropdown) button -->
                  <Control xsi:type="Menu" id="newMenuAttendeeButton">
                    <Label resid="newMenuButtonLabel" />
                    <Tooltip resid="newMenuButtonTooltip" />
                    <Supertip>
                      <Title resid="newMenuSuperTipTitle" />
                      <Description resid="newMenuSuperTipDesc" />
                    </Supertip>
                    <Icon>
                      <bt:Image size="16" resid="new-document-16" />
                      <bt:Image size="32" resid="new-document-32" />
                      <bt:Image size="80" resid="new-document-80" />
                    </Icon>
                    <Items>
                      <Item id="newMenuAttendeeItem1">
                        <Label resid="newSalesQuoteLabel" />
                        <Tooltip resid="newSalesQuoteTip" />
                        <Supertip>
                          <Title resid="newSalesQuoteSuperTipTitle" />
                          <Description resid="newSalesQuoteSuperTipDesc" />
                        </Supertip>
                        <Icon>
                          <bt:Image size="16" resid="quote-16" />
                          <bt:Image size="32" resid="quote-32" />
                          <bt:Image size="80" resid="quote-80" />
                        </Icon>
                        <Action xsi:type="ShowTaskpane">
                          <SourceLocation resid="newSalesQuoteUrl" />
                        </Action>
                      </Item>
                      <Item id="newMenuAttendeeItem2">
                        <Label resid="newSalesInvoiceLabel" />
                        <Tooltip resid="newSalesInvoiceTip" />
                        <Supertip>
                          <Title resid="newSalesInvoiceSuperTipTitle" />
                          <Description resid="newSalesInvoiceSuperTipDesc" />
                        </Supertip>
                        <Icon>
                          <bt:Image size="16" resid="sales-invoice-16" />
                          <bt:Image size="32" resid="sales-invoice-32" />
                          <bt:Image size="80" resid="sales-invoice-80" />
                        </Icon>
                        <Action xsi:type="ShowTaskpane">
                          <SourceLocation resid="newSalesInvoiceUrl" />
                        </Action>
                      </Item>
                      <Item id="newMenuAttendeeItem3">
                        <Label resid="newSalesOrderLabel" />
                        <Tooltip resid="newSalesOrderTip" />
                        <Supertip>
                          <Title resid="newSalesOrderSuperTipTitle" />
                          <Description resid="newSalesOrderSuperTipDesc" />
                        </Supertip>
                        <Icon>
                          <bt:Image size="16" resid="order-16" />
                          <bt:Image size="32" resid="order-32" />
                          <bt:Image size="80" resid="order-80" />
                        </Icon>
                        <Action xsi:type="ShowTaskpane">
                          <SourceLocation resid="newSalesOrderUrl" />
                        </Action>
                      </Item>
                      <Item id="newMenuAttendeeItem4">
                        <Label resid="newSalesCreditMemoLabel" />
                        <Tooltip resid="newSalesCreditMemoTip" />
                        <Supertip>
                          <Title resid="newSalesCreditMemoSuperTipTitle" />
                          <Description resid="newSalesCreditMemoSuperTipDesc" />
                        </Supertip>
                        <Icon>
                          <bt:Image size="16" resid="sales-credit-memo-16" />
                          <bt:Image size="32" resid="sales-credit-memo-32" />
                          <bt:Image size="80" resid="sales-credit-memo-80" />
                        </Icon>
                        <Action xsi:type="ShowTaskpane">
                          <SourceLocation resid="newSalesCreditMemoUrl" />
                        </Action>
                      </Item>
                    </Items>
                  </Control>
                </Group>
              </OfficeTab>
            </ExtensionPoint>
          </DesktopFormFactor>
        </Host>
      </Hosts>
      <Resources>
        <bt:Images>
          <!-- NAV icon -->
          <bt:Image id="nav-icon-16" DefaultValue="https://businesscentral.dynamics.com/9a3b927f-095b-42b5-bf6e-58b99e2f3bbf/Sandbox/Resources/Images/ProjectMadeira/OfficeAddin_16x.png" />
          <bt:Image id="nav-icon-32" DefaultValue="https://businesscentral.dynamics.com/9a3b927f-095b-42b5-bf6e-58b99e2f3bbf/Sandbox/Resources/Images/ProjectMadeira/OfficeAddin_32x.png" />
          <bt:Image id="nav-icon-80" DefaultValue="https://businesscentral.dynamics.com/9a3b927f-095b-42b5-bf6e-58b99e2f3bbf/Sandbox/Resources/Images/ProjectMadeira/OfficeAddin_80x.png" />
          <!-- New document icon -->
          <bt:Image id="new-document-16" DefaultValue="https://businesscentral.dynamics.com/9a3b927f-095b-42b5-bf6e-58b99e2f3bbf/Sandbox/Resources/Images/NewDocument_16x16.png" />
          <bt:Image id="new-document-32" DefaultValue="https://businesscentral.dynamics.com/9a3b927f-095b-42b5-bf6e-58b99e2f3bbf/Sandbox/Resources/Images/NewDocument_32x32.png" />
          <bt:Image id="new-document-80" DefaultValue="https://businesscentral.dynamics.com/9a3b927f-095b-42b5-bf6e-58b99e2f3bbf/Sandbox/Resources/Images/NewDocument_80x80.png" />
          <!-- Quote icon -->
          <bt:Image id="quote-16" DefaultValue="https://businesscentral.dynamics.com/9a3b927f-095b-42b5-bf6e-58b99e2f3bbf/Sandbox/Resources/Images/Quote_16x16.png" />
          <bt:Image id="quote-32" DefaultValue="https://businesscentral.dynamics.com/9a3b927f-095b-42b5-bf6e-58b99e2f3bbf/Sandbox/Resources/Images/Quote_32x32.png" />
          <bt:Image id="quote-80" DefaultValue="https://businesscentral.dynamics.com/9a3b927f-095b-42b5-bf6e-58b99e2f3bbf/Sandbox/Resources/Images/Quote_80x80.png" />
          <!-- Order icon -->
          <bt:Image id="order-16" DefaultValue="https://businesscentral.dynamics.com/9a3b927f-095b-42b5-bf6e-58b99e2f3bbf/Sandbox/Resources/Images/Order_16x16.png" />
          <bt:Image id="order-32" DefaultValue="https://businesscentral.dynamics.com/9a3b927f-095b-42b5-bf6e-58b99e2f3bbf/Sandbox/Resources/Images/Order_32x32.png" />
          <bt:Image id="order-80" DefaultValue="https://businesscentral.dynamics.com/9a3b927f-095b-42b5-bf6e-58b99e2f3bbf/Sandbox/Resources/Images/Order_80x80.png" />
          <!-- Sales Invoice icon -->
          <bt:Image id="sales-invoice-16" DefaultValue="https://businesscentral.dynamics.com/9a3b927f-095b-42b5-bf6e-58b99e2f3bbf/Sandbox/Resources/Images/SalesInvoice_16.png" />
          <bt:Image id="sales-invoice-32" DefaultValue="https://businesscentral.dynamics.com/9a3b927f-095b-42b5-bf6e-58b99e2f3bbf/Sandbox/Resources/Images/SalesInvoice_32.png" />
          <bt:Image id="sales-invoice-80" DefaultValue="https://businesscentral.dynamics.com/9a3b927f-095b-42b5-bf6e-58b99e2f3bbf/Sandbox/Resources/Images/SalesInvoice_80.png" />
          <!-- Purchase Invoice icon -->
          <bt:Image id="purchase-invoice-16" DefaultValue="https://businesscentral.dynamics.com/9a3b927f-095b-42b5-bf6e-58b99e2f3bbf/Sandbox/Resources/Images/PurchaseInvoice_16.png" />
          <bt:Image id="purchase-invoice-32" DefaultValue="https://businesscentral.dynamics.com/9a3b927f-095b-42b5-bf6e-58b99e2f3bbf/Sandbox/Resources/Images/PurchaseInvoice_32.png" />
          <bt:Image id="purchase-invoice-80" DefaultValue="https://businesscentral.dynamics.com/9a3b927f-095b-42b5-bf6e-58b99e2f3bbf/Sandbox/Resources/Images/PurchaseInvoice_80.png" />
          <!-- Credit memo icon -->
          <bt:Image id="sales-credit-memo-16" DefaultValue="https://businesscentral.dynamics.com/9a3b927f-095b-42b5-bf6e-58b99e2f3bbf/Sandbox/Resources/Images/SalesCreditMemo_16.png" />
          <bt:Image id="sales-credit-memo-32" DefaultValue="https://businesscentral.dynamics.com/9a3b927f-095b-42b5-bf6e-58b99e2f3bbf/Sandbox/Resources/Images/SalesCreditMemo_32.png" />
          <bt:Image id="sales-credit-memo-80" DefaultValue="https://businesscentral.dynamics.com/9a3b927f-095b-42b5-bf6e-58b99e2f3bbf/Sandbox/Resources/Images/SalesCreditMemo_80.png" />
          <!-- Credit memo icon -->
          <bt:Image id="purchase-credit-memo-16" DefaultValue="https://businesscentral.dynamics.com/9a3b927f-095b-42b5-bf6e-58b99e2f3bbf/Sandbox/Resources/Images/PurchaseCreditMemo_16.png" />
          <bt:Image id="purchase-credit-memo-32" DefaultValue="https://businesscentral.dynamics.com/9a3b927f-095b-42b5-bf6e-58b99e2f3bbf/Sandbox/Resources/Images/PurchaseCreditMemo_32.png" />
          <bt:Image id="purchase-credit-memo-80" DefaultValue="https://businesscentral.dynamics.com/9a3b927f-095b-42b5-bf6e-58b99e2f3bbf/Sandbox/Resources/Images/PurchaseCreditMemo_80.png" />
        </bt:Images>
        <bt:Urls>
          <bt:Url id="taskPaneUrl" DefaultValue="https://businesscentral.dynamics.com/9a3b927f-095b-42b5-bf6e-58b99e2f3bbf/Sandbox/OfficeAddin.aspx?OfficeContext=Outlook-TaskPane&amp;Version=2.0.0.0" />
          <bt:Url id="newSalesQuoteUrl" DefaultValue="https://businesscentral.dynamics.com/9a3b927f-095b-42b5-bf6e-58b99e2f3bbf/Sandbox/OfficeAddin.aspx?OfficeContext=Outlook-TaskPane&amp;Command=New-SalesQuote&amp;Version=2.0.0.0" />
          <bt:Url id="newSalesOrderUrl" DefaultValue="https://businesscentral.dynamics.com/9a3b927f-095b-42b5-bf6e-58b99e2f3bbf/Sandbox/OfficeAddin.aspx?OfficeContext=Outlook-TaskPane&amp;Command=New-SalesOrder&amp;Version=2.0.0.0" />
          <bt:Url id="newSalesInvoiceUrl" DefaultValue="https://businesscentral.dynamics.com/9a3b927f-095b-42b5-bf6e-58b99e2f3bbf/Sandbox/OfficeAddin.aspx?OfficeContext=Outlook-TaskPane&amp;Command=New-SalesInvoice&amp;Version=2.0.0.0" />
          <bt:Url id="newSalesCreditMemoUrl" DefaultValue="https://businesscentral.dynamics.com/9a3b927f-095b-42b5-bf6e-58b99e2f3bbf/Sandbox/OfficeAddin.aspx?OfficeContext=Outlook-TaskPane&amp;Command=New-SalesCreditMemo&amp;Version=2.0.0.0" />
          <bt:Url id="newPurchaseInvoiceUrl" DefaultValue="https://businesscentral.dynamics.com/9a3b927f-095b-42b5-bf6e-58b99e2f3bbf/Sandbox/OfficeAddin.aspx?OfficeContext=Outlook-TaskPane&amp;Command=New-PurchaseInvoice&amp;Version=2.0.0.0" />
          <bt:Url id="newPurchaseCrMemoUrl" DefaultValue="https://businesscentral.dynamics.com/9a3b927f-095b-42b5-bf6e-58b99e2f3bbf/Sandbox/OfficeAddin.aspx?OfficeContext=Outlook-TaskPane&amp;Command=New-PurchaseCreditMemo&amp;Version=2.0.0.0" />
          <bt:Url id="newPurchaseOrderUrl" DefaultValue="https://businesscentral.dynamics.com/9a3b927f-095b-42b5-bf6e-58b99e2f3bbf/Sandbox/OfficeAddin.aspx?OfficeContext=Outlook-TaskPane&amp;Command=New-PurchaseOrder&amp;Version=2.0.0.0" />
        </bt:Urls>
        <bt:ShortStrings>
          <!-- Both modes -->
          <bt:String id="groupLabel" DefaultValue="Business Central" />
          <bt:String id="openPaneButtonLabel" DefaultValue="Contact Insights" />
          <bt:String id="openPaneSuperTipTitle" DefaultValue="Open Business Central in Outlook" />
          <bt:String id="newMenuButtonLabel" DefaultValue="New" />
          <bt:String id="newMenuSuperTipTitle" DefaultValue="Create a new document in Business Central" />
          <bt:String id="newSalesQuoteLabel" DefaultValue="Sales Quote" />
          <bt:String id="newSalesQuoteSuperTipTitle" DefaultValue="Create new sales quote" />
          <bt:String id="newSalesOrderLabel" DefaultValue="Sales Order" />
          <bt:String id="newSalesOrderSuperTipTitle" DefaultValue="Create new sales order" />
          <bt:String id="newSalesInvoiceLabel" DefaultValue="Sales Invoice" />
          <bt:String id="newSalesInvoiceSuperTipTitle" DefaultValue="Create new sales invoice" />
          <bt:String id="newSalesCreditMemoLabel" DefaultValue="Sales Credit Memo" />
          <bt:String id="newSalesCreditMemoSuperTipTitle" DefaultValue="Create new sales credit memo" />
          <bt:String id="newPurchaseInvoiceLabel" DefaultValue="Purchase Invoice" />
          <bt:String id="newPurchaseInvoiceSuperTipTitle" DefaultValue="Create new purchase invoice" />
          <bt:String id="newPurchaseCrMemoLabel" DefaultValue="Purchase Credit Memo" />
          <bt:String id="newPurchaseCrMemoSuperTipTitle" DefaultValue="Create new purchase credit memo" />
          <bt:String id="newPurchaseOrderLabel" DefaultValue="Purchase Order" />
          <bt:String id="newPurchaseOrderSuperTipTitle" DefaultValue="Create new purchase order" />
        </bt:ShortStrings>
        <bt:LongStrings>
          <bt:String id="groupTooltip" DefaultValue="Dynamics 365 Business Central" />
          <bt:String id="openPaneButtonTooltip" DefaultValue="Opens a more detailed view of the contact in Dynamics 365 Business Central." />
          <bt:String id="openPaneSuperTipDesc" DefaultValue="Opens a more detailed view of the customer or vendor in Dynamics 365 Business Central." />
          <bt:String id="newMenuButtonTooltip" DefaultValue="Creates a new document in Dynamics 365 Business Central." />
          <bt:String id="newMenuSuperTipDesc" DefaultValue="Creates a new document for the selected customer or vendor in Dynamics 365 Business Central." />
          <bt:String id="newSalesQuoteTip" DefaultValue="Creates a new sales quote in Business Central." />
          <bt:String id="newSalesQuoteSuperTipDesc" DefaultValue="Creates a new sales quote for this contact in Business Central." />
          <bt:String id="newSalesOrderTip" DefaultValue="Creates a new sales order in Business Central." />
          <bt:String id="newSalesOrderSuperTipDesc" DefaultValue="Creates a new sales order for this contact in Business Central." />
          <bt:String id="newSalesInvoiceTip" DefaultValue="Creates a new sales invoice in Business Central." />
          <bt:String id="newSalesInvoiceSuperTipDesc" DefaultValue="Creates a new sales invoice for this contact in Business Central." />
          <bt:String id="newSalesCreditMemoTip" DefaultValue="Creates a new sales credit memo in Business Central." />
          <bt:String id="newSalesCreditMemoSuperTipDesc" DefaultValue="Creates a new sales credit memo for this contact in Business Central." />
          <bt:String id="newPurchaseInvoiceTip" DefaultValue="Creates a new purchase invoice in Business Central." />
          <bt:String id="newPurchaseInvoiceSuperTipDesc" DefaultValue="Creates a new purchase invoice for this contact in Business Central." />
          <bt:String id="newPurchaseCrMemoTip" DefaultValue="Creates a new purchase credit memo in Business Central." />
          <bt:String id="newPurchaseCrMemoSuperTipDesc" DefaultValue="Creates a new purchase credit memo for this contact in Business Central." />
          <bt:String id="newPurchaseOrderTip" DefaultValue="Creates a new purchase order in Business Central." />
          <bt:String id="newPurchaseOrderSuperTipDesc" DefaultValue="Creates a new purchase order for this contact in Business Central." />
        </bt:LongStrings>
      </Resources>
    </VersionOverrides>
  </VersionOverrides>
</OfficeApp>