<?xml version="1.0" encoding="utf-8"?>
<OfficeApp xsi:type="MailApp" xmlns:xsi="http://www.w3.org/2001/XMLSchema-instance" xmlns="http://schemas.microsoft.com/office/appforoffice/1.1" xmlns:bt="http://schemas.microsoft.com/office/officeappbasictypes/1.0" xmlns:o10="http://schemas.microsoft.com/office/mailappversionoverrides" xmlns:o11="http://schemas.microsoft.com/office/mailappversionoverrides/1.1">
  <Id>cf6f2e6a-5f76-4a17-b966-2ed9d0b3e88a</Id>
  <Version>2.1.0.0</Version>
  <ProviderName>Microsoft</ProviderName>
  <DefaultLocale>en-GB</DefaultLocale>
  <DisplayName DefaultValue="Document View" />
  <Description DefaultValue="Provides a link directly to business documents in Dynamics 365 Business Central." />
  <IconUrl DefaultValue="https://businesscentral.dynamics.com/9a3b927f-095b-42b5-bf6e-58b99e2f3bbf/Sandbox/Resources/Images/ProjectMadeira/OfficeAddin_64x.png" />
  <HighResolutionIconUrl DefaultValue="https://businesscentral.dynamics.com/9a3b927f-095b-42b5-bf6e-58b99e2f3bbf/Sandbox/Resources/Images/ProjectMadeira/OfficeAddin_80x.png" />
  <AppDomains>
    <AppDomain>https://businesscentral.dynamics.com/9a3b927f-095b-42b5-bf6e-58b99e2f3bbf/Sandbox</AppDomain>
  </AppDomains>
  <Hosts>
    <Host Name="Mailbox" />
  </Hosts>
  <Requirements>
    <Sets>
      <Set Name="MailBox" MinVersion="1.1" />
    </Sets>
  </Requirements>
  <FormSettings>
    <Form xsi:type="ItemRead">
      <DesktopSettings>
        <SourceLocation DefaultValue="https://businesscentral.dynamics.com/9a3b927f-095b-42b5-bf6e-58b99e2f3bbf/Sandbox/OfficeAddin.aspx?OfficeContext=Outlook-Hyperlink&amp;Version=2.1.0.0" />
        <RequestedHeight>300</RequestedHeight>
      </DesktopSettings>
      <TabletSettings>
        <SourceLocation DefaultValue="https://businesscentral.dynamics.com/9a3b927f-095b-42b5-bf6e-58b99e2f3bbf/Sandbox/OfficeAddin.aspx?OfficeContext=Outlook-Hyperlink&amp;Version=2.1.0.0" />
        <RequestedHeight>300</RequestedHeight>
      </TabletSettings>
      <PhoneSettings>
        <SourceLocation DefaultValue="https://businesscentral.dynamics.com/9a3b927f-095b-42b5-bf6e-58b99e2f3bbf/Sandbox/OfficeAddin.aspx?OfficeContext=Outlook-Hyperlink&amp;Version=2.1.0.0&amp;isphone=1" />
      </PhoneSettings>
    </Form>
    <Form xsi:type="ItemEdit">
      <DesktopSettings>
        <SourceLocation DefaultValue="https://businesscentral.dynamics.com/9a3b927f-095b-42b5-bf6e-58b99e2f3bbf/Sandbox/OfficeAddin.aspx?OfficeContext=Outlook-Hyperlink&amp;Version=2.1.0.0" />
      </DesktopSettings>
      <TabletSettings>
        <SourceLocation DefaultValue="https://businesscentral.dynamics.com/9a3b927f-095b-42b5-bf6e-58b99e2f3bbf/Sandbox/OfficeAddin.aspx?OfficeContext=Outlook-Hyperlink&amp;Version=2.1.0.0" />
      </TabletSettings>
      <PhoneSettings>
        <SourceLocation DefaultValue="https://businesscentral.dynamics.com/9a3b927f-095b-42b5-bf6e-58b99e2f3bbf/Sandbox/OfficeAddin.aspx?OfficeContext=Outlook-Hyperlink&amp;Version=2.1.0.0&amp;isphone=1" />
      </PhoneSettings>
    </Form>
  </FormSettings>
  <Permissions>ReadWriteMailbox</Permissions>
  <Rule xsi:type="RuleCollection" Mode="And">
    <Rule xsi:type="RuleCollection" Mode="Or">
      <!-- To add more complex rules, add additional rule elements -->
      <!-- E.g. To activate when a message contains an address -->
      <!-- <Rule xsi:type="ItemHasKnownEntity" EntityType="Address" /> -->
      <Rule xsi:type="ItemHasRegularExpressionMatch" RegExName="DocumentTypes" RegExValue="(invoice|order|quote|credit memo|Sales Invoice|Purchase Invoice|Purchase Order|PO|Sales Credit Memo|Sales Order|Sales Quote|Purchase Quote|Purchase Credit Memo):? ?#?([\w_/\#\*\+\\\|-]*[0-9]+)" PropertyName="BodyAsPlaintext" IgnoreCase="true" />
    </Rule>
    <Rule xsi:type="RuleCollection" Mode="Or">
      <Rule xsi:type="ItemIs" FormType="Edit" ItemType="Message" />
      <Rule xsi:type="ItemIs" FormType="Read" ItemType="Message" />
    </Rule>
  </Rule>
  <DisableEntityHighlighting>false</DisableEntityHighlighting>
  <VersionOverrides xmlns="http://schemas.microsoft.com/office/mailappversionoverrides" xsi:type="VersionOverridesV1_0">
    <!-- VersionOverrides for the v1.1 schema -->
    <VersionOverrides xmlns="http://schemas.microsoft.com/office/mailappversionoverrides/1.1" xsi:type="VersionOverridesV1_1">
      <Requirements>
        <bt:Sets DefaultMinVersion="1.5">
          <bt:Set Name="Mailbox" />
        </bt:Sets>
      </Requirements>
      <Hosts>
        <Host xsi:type="MailHost">
          <DesktopFormFactor>
            <!-- DetectedEntity -->
            <ExtensionPoint xsi:type="DetectedEntity">
              <Label resid="contextLabel" />
              <SourceLocation resid="detectedEntityUrl" />
              <Rule xsi:type="RuleCollection" Mode="And">
                <Rule xsi:type="ItemIs" ItemType="Message" />
                <Rule xsi:type="RuleCollection" Mode="Or">
                  <!-- To add more complex rules, add additional rule elements -->
                  <!-- E.g. To activate when a message contains an address -->
                  <!-- <Rule xsi:type="ItemHasKnownEntity" EntityType="Address" /> -->
                  <Rule xsi:type="ItemHasRegularExpressionMatch" RegExName="DocumentTypes" RegExValue="(invoice|order|quote|credit memo|Sales Invoice|Purchase Invoice|Purchase Order|PO|Sales Credit Memo|Sales Order|Sales Quote|Purchase Quote|Purchase Credit Memo):? ?#?([\w_/\#\*\+\\\|-]*[0-9]+)" PropertyName="BodyAsPlaintext" IgnoreCase="true" />
                </Rule>
              </Rule>
            </ExtensionPoint>
          </DesktopFormFactor>
        </Host>
      </Hosts>
      <Resources>
        <bt:Urls>
          <bt:Url id="detectedEntityUrl" DefaultValue="https://businesscentral.dynamics.com/9a3b927f-095b-42b5-bf6e-58b99e2f3bbf/Sandbox/OfficeAddin.aspx?OfficeContext=Outlook-Hyperlink&amp;Version=2.1.0.0" />
        </bt:Urls>
        <bt:ShortStrings>
          <bt:String id="contextLabel" DefaultValue="Document View" />
        </bt:ShortStrings>
      </Resources>
    </VersionOverrides>
  </VersionOverrides>
</OfficeApp>