{"name":"c3882cc5-feab-4d2c-9fa9-df024275f3a5","id":"/providers/Microsoft.Flow/flows/c3882cc5-feab-4d2c-9fa9-df024275f3a5","type":"Microsoft.Flow/flows","properties":{"apiId":"/providers/Microsoft.PowerApps/apis/shared_logicflows","displayName":"Check Safety Stock - SKU","definition":{"metadata":{"workflowEntityId":null,"processAdvisorMetadata":null,"flowChargedByPaygo":null,"flowclientsuspensionreason":"None","flowclientsuspensiontime":null,"flowclientsuspensionreasondetails":null,"creator":{"id":"0bbac2da-c586-41d4-b377-dba740b4c425","type":"User","tenantId":"e9fb01f1-ce01-43af-9a27-f400492a3d8c"},"provisioningMethod":"FromDefinition","failureAlertSubscription":true,"clientLastModifiedTime":"2024-10-27T13:53:33.9833859Z","connectionKeySavedTimeKey":"2024-10-27T13:53:33.9833859Z"},"$schema":"https://schema.management.azure.com/providers/Microsoft.Logic/schemas/2016-06-01/workflowdefinition.json#","contentVersion":"undefined","parameters":{"$authentication":{"defaultValue":{},"type":"SecureObject"},"$connections":{"defaultValue":{},"type":"Object"}},"triggers":{"Recurrence":{"recurrence":{"frequency":"Day","interval":"1","startTime":"2024-10-21T09:00:00.000Z"},"type":"Recurrence"}},"actions":{"Find_records_(V3)":{"runAfter":{},"type":"OpenApiConnection","inputs":{"parameters":{"bcenvironment":"SANDBOX","company":"330d8698-e486-ef11-ac21-7c1e5203581f","dataset":"wingate365/allfieldapipages/v1.0","table":"skus","$filter":"locationCode eq 'SILVER'"},"host":{"apiId":"/providers/Microsoft.PowerApps/apis/shared_dynamicssmbsaas","connectionName":"shared_dynamicssmbsaas","operationId":"GetItemsV3"},"authentication":"@parameters('$authentication')"}},"Select":{"runAfter":{"Filter_array":["Succeeded"]},"type":"Select","inputs":{"from":"@body('Filter_array')","select":{"Item":"@item()?['itemNo']","Location":"@item()?['locationCode']","Inv.":"@item()?['inventory']","Safety Stock":"@item()?['safetyStockQuantity']"}}},"Filter_array":{"runAfter":{"Find_records_(V3)":["Succeeded"]},"type":"Query","inputs":{"from":"@outputs('Find_records_(V3)')?['body/value']","where":"@less(item()?['inventory'],item()?['safetyStockQuantity'])"}},"Condition":{"actions":{"Send_an_email_(V2)":{"type":"OpenApiConnection","inputs":{"parameters":{"emailMessage/To":"admin@CRMbc589530.onmicrosoft.com","emailMessage/Subject":"Safety Stock Alert","emailMessage/Body":"<p class=\"editor-paragraph\">The following items need to be re-ordered</p><br><p class=\"editor-paragraph\">@{outputs('Compose')}</p>","emailMessage/Importance":"Normal"},"host":{"apiId":"/providers/Microsoft.PowerApps/apis/shared_office365","connectionName":"shared_office365","operationId":"SendEmailV2"},"authentication":"@parameters('$authentication')"}}},"runAfter":{"Compose":["Succeeded"]},"else":{"actions":{}},"expression":{"and":[{"greater":["@length(body('Create_HTML_table'))",30]}]},"type":"If"},"Compose":{"runAfter":{"Create_HTML_table":["Succeeded"]},"type":"Compose","inputs":"<style>\ntable {\n  border: 1px solid #1C6EA4;\n  background-color: #EEEEEE;\n  width: 100%;\n  text-align: left;\n  border-collapse: collapse;\n}\ntable td, table th {\n  border: 1px solid #AAAAAA;\n  padding: 3px 2px;\n}\ntable tbody td {\n  font-size: 13px;\n}\ntable thead {\n  background: #1C6EA4;\n  border-bottom: 2px solid #444444;\n}\ntable thead th {\n  font-size: 15px;\n  font-weight: bold;\n  color: #FFFFFF;\n  border-left: 2px solid #D0E4F5;\n}\ntable thead th:first-child {\n  border-left: none;\n}\n</style>\n@{body('Create_HTML_table')}"},"Create_HTML_table":{"runAfter":{"Select":["Succeeded"]},"type":"Table","inputs":{"from":"@body('Select')","format":"HTML"}}}},"connectionReferences":{"shared_dynamicssmbsaas":{"connectionName":"shared-dynamicssmbsa-eeebe3f9-8006-42bc-a533-695a4d2e7443","source":"Embedded","id":"/providers/Microsoft.PowerApps/apis/shared_dynamicssmbsaas","tier":"NotSpecified"},"shared_office365":{"connectionName":"shared-office365-872bdd99-0e39-4aa6-9b32-4cd5dc07a379","source":"Embedded","id":"/providers/Microsoft.PowerApps/apis/shared_office365","tier":"NotSpecified"}},"flowFailureAlertSubscribed":false,"isManaged":false}}